{"sigma": [10.0, 11.0, 12.0, 13.0, 14.0, 15.0, 16.0, 17.0, 18.0, 19.0, 20.0, 21.0, 22.0, 23.0, 24.0, 25.0, 26.0, 27.0, 28.0, 29.0, 30.0, 31.0, 32.0, 33.0, 34.0, 35.0, 36.0, 37.0, 38.0, 39.0, 40.0, 41.0, 42.0, 43.0, 44.0, 45.0, 46.0, 47.0, 48.0, 49.0, 50.0, 51.0, 52.0, 53.0, 54.0, 55.0], "mu": [2.0, 2.5, 3.0, 3.5, 4.0, 4.5, 5.0, 5.5, 6.0, 6.5, 7.0, 7.5, 8.0, 8.5, 9.0, 9.5, 10.0, 10.5, 11.0, 11.5, 12.0, 12.5, 13.0, 13.5, 14.0, 14.5, 15.0, 15.5, 16.0, 16.5, 17.0, 17.5, 18.0], "scores": [[-0.749978, -0.750141, -0.750136, -0.750121, -0.750131, -0.750104, -0.875052, -0.812657, -0.875081, -0.875178, -0.937639, -0.937722, -1.000163, -1.062718, -1.062771, -1.125168, -1.187648, -1.187742, -1.250241, -1.312724, -1.437712, -1.437802, -1.437824, -1.562635, -1.625156, -1.56273, -1.625315, -1.625344, -1.875073, -1.87515, -1.812729, -1.937785, -2.000248, -2.062742, -2.18762, -2.187675, -2.312703, -2.312778, -2.437699, -2.562559, -2.562539, -2.687652, -2.812487, -2.875049, -2.937612, -2.937517], [-0.687667, -0.750101, -0.812577, -0.81262, -0.812572, -0.812657, -0.812743, -0.875132, -1.000001, -1.000077, -0.937801, -1.000173, -1.125097, -1.125142, -1.187652, -1.125297, -1.250192, -1.312624, -1.312719, -1.375259, -1.437817, -1.437796, -1.500281, -1.500257, -1.562704, -1.500383, -1.625222, -1.625365, -1.750256, -1.937517, -1.812759, -2.000208, -1.937814, -2.062703, -2.125209, -2.125162, -2.250175, -2.375153, -2.312802, -2.437725, -2.50008, -2.625216, -2.687649, -2.750193, -2.875123, -2.875155], [-0.43763, -0.500165, -0.500169, -0.562551, -0.62499, -0.56261, -0.68751, -0.625175, -0.625193, -0.687689, -0.687642, -0.812566, -0.812661, -0.875101, -0.937653, -0.937636, -0.937774, -1.000201, -1.062683, -1.125188, -1.250195, -1.187801, -1.312713, -1.375182, -1.375199, -1.375236, -1.500201, -1.562717, -1.625175, -1.687739, -1.687743, -1.812706, -1.875206, -1.93764, -2.000216, -1.937792, -2.062877, -2.187799, -2.250274, -2.375076, -2.437537, -2.562624, -2.625038, -2.687679, -2.750122, -2.75018], [-0.43768, -0.500143, -0.562576, -0.562622, -0.625064, -0.625092, -0.687585, -0.687568, -0.75004, -0.687717, -0.750196, -0.812639, -0.812704, -0.875165, -0.937612, -1.000086, -1.062634, -1.000164, -1.125159, -1.12524, -1.187848, -1.250193, -1.312659, -1.312714, -1.375196, -1.437654, -1.437778, -1.500289, -1.562799, -1.625254, -1.625257, -1.75028, -1.750304, -1.87526, -1.875385, -1.875323, -2.062815, -2.187821, -2.25019, -2.312735, -2.31271, -2.562634, -2.500209, -2.687645, -2.68768, -2.750045], [-0.312551, -0.312677, -0.312618, -0.375076, -0.312647, -0.375051, -0.375154, -0.500006, -0.500067, -0.500155, -0.562591, -0.562686, -0.625069, -0.750028, -0.750114, -0.750156, -0.8751, -0.875054, -0.87511, -0.875216, -1.062675, -1.062729, -1.125207, -1.125235, -1.125319, -1.250205, -1.312657, -1.375234, -1.500171, -1.500232, -1.500202, -1.687689, -1.687671, -1.812669, -1.812705, -1.8127, -2.000196, -2.187559, -2.187609, -2.187756, -2.250167, -2.500072, -2.437549, -2.625074, -2.687602, -2.687568], [-0.312504, -0.37501, -0.375046, -0.375108, -0.375073, -0.375057, -0.500005, -0.437645, -0.500113, -0.562583, -0.562658, -0.625111, -0.687527, -0.687618, -0.750143, -0.750141, -0.81265, -0.875111, -0.875179, -0.93768, -1.0627, -1.062731, -1.062832, -1.187599, -1.187758, -1.25017, -1.312713, -1.375203, -1.437775, -1.500202, -1.500209, -1.625237, -1.687719, -1.75013, -1.812737, -1.750307, -1.937738, -2.125128, -2.187636, -2.250063, -2.18768, -2.437697, -2.500067, -2.5627, -2.562789, -2.562765], [-0.06257, -0.125042, -0.187488, -0.062642, -0.12508, -0.125087, -0.125145, -0.187558, -0.187618, -0.250062, -0.312588, -0.375067, -0.37517, -0.437582, -0.562602, -0.562584, -0.625021, -0.562687, -0.625114, -0.750112, -0.812718, -0.875132, -1.000051, -0.937749, -1.000215, -1.062696, -1.125183, -1.250187, -1.375144, -1.437596, -1.375139, -1.562717, -1.62506, -1.625173, -1.687701, -1.750123, -1.812716, -2.062576, -2.062659, -2.125203, -2.062672, -2.375024, -2.312665, -2.500079, -2.562703, -2.562551], [-7.5e-05, -0.062566, -0.124986, -0.12496, -0.062608, -0.125023, -0.187525, -0.125161, -0.187567, -0.312504, -0.312531, -0.312568, -0.375067, -0.375174, -0.437664, -0.437712, -0.562596, -0.625076, -0.68752, -0.687636, -0.812559, -0.75025, -0.875207, -0.937606, -1.000105, -0.937725, -1.062678, -1.125196, -1.250186, -1.250258, -1.250224, -1.500093, -1.437797, -1.562726, -1.687619, -1.625243, -1.750257, -1.875327, -1.937711, -2.125072, -2.000252, -2.250245, -2.250206, -2.375224, -2.500236, -2.437723], [0.124927, 0.062453, 6.2e-05, 4e-06, -2.7e-05, 1e-06, -9.6e-05, -6e-05, -0.124976, -0.125039, -0.125121, -0.187577, -0.250058, -0.312542, -0.375087, -0.375093, -0.500062, -0.375213, -0.500088, -0.562614, -0.687603, -0.687697, -0.750214, -0.81268, -0.937608, -0.937639, -1.062541, -1.125148, -1.250104, -1.18775, -1.18771, -1.43767, -1.43766, -1.562642, -1.562726, -1.562698, -1.750167, -1.937621, -1.937621, -2.000166, -2.000127, -2.250124, -2.312553, -2.375157, -2.437716, -2.437663], [0.12497, 0.062634, 0.124905, 0.06252, 0.062486, 0.062432, 2e-06, -7.9e-05, -0.062503, -0.124962, -0.187463, -0.125067, -0.187595, -0.250105, -0.31259, -0.312537, -0.312709, -0.437538, -0.437623, -0.500119, -0.6252, -0.687638, -0.68774, -0.750149, -0.750233, -0.93759, -0.875186, -1.062573, -1.000319, -1.062779, -1.187591, -1.375144, -1.312779, -1.437771, -1.500269, -1.562629, -1.625284, -1.812689, -1.875167, -1.937705, -1.875231, -2.187628, -2.250069, -2.312678, -2.500075, -2.437661], [0.250024, 0.250004, 0.187514, 0.18752, 0.249925, 0.249925, 0.124964, 0.124984, 0.124912, 0.062446, -0.062449, -0.062499, -0.000136, -0.125115, -0.18759, -0.250035, -0.312523, -0.312582, -0.375108, -0.375168, -0.500154, -0.625158, -0.625217, -0.687689, -0.687766, -0.812725, -0.875175, -1.000174, -1.062665, -1.125217, -1.062716, -1.250327, -1.312675, -1.437666, -1.500225, -1.500153, -1.687778, -1.812703, -1.812739, -1.87519, -1.875185, -2.187596, -2.125209, -2.312635, -2.437592, -2.437576], [0.312481, 0.250104, 0.249986, 0.249986, 0.249965, 0.249958, 0.125104, 0.125105, 0.062591, 0.062541, 0.062422, -3.5e-05, -0.06241, -0.124997, -0.125034, -0.125091, -0.25004, -0.312506, -0.250145, -0.375103, -0.437633, -0.500154, -0.562653, -0.625157, -0.625172, -0.687685, -0.750188, -0.812726, -1.000158, -1.000196, -1.062626, -1.250173, -1.312596, -1.312793, -1.375259, -1.375319, -1.562801, -1.687768, -1.812652, -1.875154, -1.812717, -2.062752, -2.125151, -2.2501, -2.312812, -2.312737], [0.375057, 0.375083, 0.312606, 0.375061, 0.374991, 0.374987, 0.312473, 0.312467, 0.250051, 0.250001, 0.187413, 0.187429, 0.124927, 2.7e-05, -4.6e-05, -0.062557, -0.125043, -0.125051, -0.250014, -0.312549, -0.375078, -0.437634, -0.500153, -0.500183, -0.562778, -0.687599, -0.750174, -0.937571, -0.875251, -0.937798, -0.937719, -1.187744, -1.250147, -1.312695, -1.375235, -1.375184, -1.562688, -1.75008, -1.687718, -1.750299, -1.750175, -2.062621, -2.125096, -2.125287, -2.250298, -2.312543], [0.437645, 0.562543, 0.500024, 0.437635, 0.499962, 0.43751, 0.312658, 0.25019, 0.250096, 0.250113, 0.12511, 0.125115, 0.125081, 0.124996, 0.06249, -2.8e-05, -0.062496, -0.124982, -0.062639, -0.125126, -0.250136, -0.375054, -0.43756, -0.500055, -0.562608, -0.625101, -0.625167, -0.750137, -0.812696, -0.812775, -0.875235, -1.062719, -1.062697, -1.312588, -1.250225, -1.187827, -1.437696, -1.562722, -1.687639, -1.750192, -1.6877, -2.000078, -2.000176, -2.125163, -2.187717, -2.250132], [0.562633, 0.624963, 0.56254, 0.562571, 0.562485, 0.437616, 0.500006, 0.437667, 0.375085, 0.375037, 0.312478, 0.312519, 0.312495, 0.125142, 0.12498, 0.062541, 0.062463, -1.1e-05, -0.062556, -0.125073, -0.250101, -0.312613, -0.437618, -0.437649, -0.500142, -0.625117, -0.687627, -0.812625, -0.875123, -0.937693, -0.937626, -1.125129, -1.18768, -1.187776, -1.312696, -1.312716, -1.437768, -1.562752, -1.687699, -1.687752, -1.687736, -2.000146, -2.000174, -2.187605, -2.312618, -2.187633], [0.625217, 0.750099, 0.68757, 0.625188, 0.687558, 0.625091, 