{"sigma": [10.0, 11.0, 12.0, 13.0, 14.0, 15.0, 16.0, 17.0, 18.0, 19.0, 20.0, 21.0, 22.0, 23.0, 24.0, 25.0, 26.0, 27.0, 28.0, 29.0, 30.0, 31.0, 32.0, 33.0, 34.0, 35.0, 36.0, 37.0, 38.0, 39.0, 40.0, 41.0, 42.0, 43.0, 44.0, 45.0, 46.0, 47.0, 48.0, 49.0, 50.0, 51.0, 52.0, 53.0, 54.0, 55.0], "mu": [2.0, 2.5, 3.0, 3.5, 4.0, 4.5, 5.0, 5.5, 6.0, 6.5, 7.0, 7.5, 8.0, 8.5, 9.0, 9.5, 10.0, 10.5, 11.0, 11.5, 12.0, 12.5, 13.0, 13.5, 14.0, 14.5, 15.0, 15.5, 16.0, 16.5, 17.0, 17.5, 18.0], "scores": [[-0.062386, -0.312654, -0.312468, -0.250219, -0.2501, -0.187619, -0.312692, -0.375005, -0.437446, -0.437506, -0.37533, -0.500263, -0.437739, -0.625046, -0.625017, -0.500389, -0.562617, -0.562744, -0.62511, -0.750244, -0.875476, -1.125393, -1.125524, -1.187729, -1.312808, -1.375067, -1.375261, -1.312779, -1.500178, -1.437643, -1.312705, -1.562544, -1.500208, -1.625048, -1.562627, -1.43751, -1.687436, -1.56254, -1.6249, -1.562391, -1.312616, -1.624968, -1.437533, -1.687403, -1.750026, -1.56254], [-0.06234, -0.312613, -0.312461, -0.250023, -0.312434, -0.312382, -0.499689, -0.437339, -0.375037, -0.499839, -0.499941, -0.562458, -0.562443, -0.687387, -0.687317, -0.50021, -0.749784, -0.687509, -0.749825, -0.812593, -0.750257, -1.125109, -1.249991, -1.187508, -1.312449, -1.312407, -1.374908, -1.312511, -1.499901, -1.374997, -1.312491, -1.562502, -1.624765, -1.624852, -1.687225, -1.437411, -1.749747, -1.687314, -1.562475, -1.56238, -1.312551, -1.624924, -1.562297, -1.812181, -1.874769, -1.562399], [-1.8e-05, -0.312718, -0.312537, -0.312608, -0.187608, -0.187544, -0.250126, -0.250079, -0.31253, -0.437456, -0.437461, -0.3753, -0.437597, -0.500202, -0.500125, -0.437696, -0.50015, -0.562599, -0.500321, -0.625539, -0.812901, -1.062924, -1.063035, -1.125278, -1.312739, -1.187793, -1.312675, -1.312697, -1.500141, -1.312733, -1.312662, -1.562573, -1.562485, -1.500122, -1.562572, -1.375126, -1.687364, -1.562569, -1.562493, -1.437579, -1.250068, -1.562588, -1.499948, -1.68743, -1.687502, -1.624952], [0.000158, -0.187519, -0.312348, -0.249971, -0.249938, -0.187464, -0.312431, -0.312407, -0.374848, -0.437389, -0.437368, -0.499944, -0.499913, -0.687348, -0.624877, -0.500007, -0.624907, -0.687409, -0.687407, -0.874848, -0.750061, -1.124986, -1.125175, -1.187444, -1.312638, -1.24998, -1.312574, -1.250051, -1.437599, -1.437449, -1.312454, -1.562454, -1.56231, -1.500023, -1.56242, -1.374903, -1.749798, -1.624887, -1.562455, -1.562386, -1.187599, -1.562471, -1.562384, -1.749783, -1.749928, -1.56235], [0.187481, -0.12504, -0.062606, -0.125074, -0.12506, -7.1e-05, -0.062639, -0.125007, -0.125015, -0.187484, -0.312461, -0.31257, -0.31256, -0.375122, -0.312661, -0.312646, -0.375108, -0.437576, -0.375235, -0.562703, -0.625447, -0.875555, -0.938108, -0.937853, -1.125261, -1.000393, -1.125398, -1.187741, -1.375145, -1.125402, -1.187613, -1.375192, -1.312676, -1.375107, -1.437558, -1.187727, -1.562433, -1.375171, -1.312643, -1.312586, -1.0627, -1.500011, -1.31253, -1.500046, -1.624996, -1.375131], [0.125216, -0.062255, -0.062375, -0.062355, -0.124849, -0.062361, -0.187359, -0.124853, -0.187321, -0.187366, -0.249861, -0.37486, -0.374863, -0.499843, -0.437418, -0.374904, -0.499784, -0.499861, -0.499845, -0.687347, -0.624893, -0.937561, -1.062538, -1.000024, -1.062626, -1.124954, -1.125068, -1.125047, -1.37495, -1.249944, -1.12492, -1.374997, -1.312484, -1.437417, -1.437334, -1.187383, -1.56241, -1.499917, -1.374979, -1.43734, -1.062504, -1.437449, -1.374925, -1.624806, -1.624891, -1.374948], [0.187584, -5.1e-05, -0.062388, 3.1e-05, 0.000105, 0.062556, -0.062304, 0.062593, 8.5e-05, 5e-05, -0.187397, -0.125067, -0.124962, -0.249956, -0.187505, -0.187616, -0.312407, -0.250076, -0.250081, -0.43767, -0.750078, -0.812969, -1.062804, -1.000248, -1.187771, -1.187685, -1.187792, -1.312633, -1.437737, -1.250254, -1.187603, -1.437724, -1.500126, -1.43765, -1.437756, -1.250174, -1.500143, -1.500086, -1.500063, -1.375092, -1.125064, -1.500139, -1.499947, -1.749865, -1.687541, -1.500072], [0.312748, 0.187761, 0.187709, 0.125286, 0.062808, 0.125197, 0.062689, 0.125191, 0.062691, 0.000194, -0.062288, -0.187223, -0.124804, -0.24984, -0.249829, -0.187341, -0.312281, -0.312356, -0.312324, -0.499857, -0.499746, -0.750051, -0.875099, -0.875019, -1.124986, -1.062411, -1.062551, -1.124998, -1.312466, -1.249928, -0.999999, -1.374972, -1.312511, -1.374969, -1.437446, -1.124978, -1.499882, -1.374938, -1.312514, -1.312456, -0.999973, -1.374967, -1.374855, -1.499907, -1.624874, -1.374863], [0.312594, 0.12503, 0.062564, 0.062568, 0.062604, 0.187511, 0.124979, 0.062635, 0.062582, -0.062346, -0.062523, -0.062521, -0.124931, -0.249935, -0.187493, -0.18751, -0.18758, -0.250053, -0.2501, -0.437645, -0.562802, -0.812969, -0.813055, -0.937788, -1.12526, -1.062666, -1.125271, -1.187737, -1.375185, -1.312531, -1.062728, -1.437585, -1.375158, -1.375153, -1.437686, -1.250068, -1.562529, -1.437611, -1.437516, -1.375011, -1.125018, -1.500043, -1.375049, -1.562525, -1.625032, -1.437513], [0.375141, 0.312622, 0.187686, 0.187681, 0.187668, 0.18765, 0.062676, 0.0627, 0.12513, 0.000175, -0.062355, -0.187353, -0.12488, -0.312345, -0.312318, -0.249855, -0.374819, -0.374922, -0.374893, -0.562418, -0.499984, -0.93751, -1.000098, -0.937675, -1.187529, -1.06255, -1.187573, -1.250022, -1.312587, -1.18764, -1.062519, -1.499935, -1.437448, -1.437519, -1.499985, -1.312402, -1.562431, -1.499944, -1.375043, -1.437441, -1.06251, -1.49996, -1.437407, -1.562438, -1.687425, -1.374952], [0.375178, 0.187617, 0.187628, 0.187598, 0.187624, 0.187715, 0.18762, 0.250042, 0.125175, 0.062662, -0.062321, -0.062411, -0.124818, -0.187421, -0.062487, -0.187349, -0.187397, -0.249944, -0.31246, -0.437545, -0.624986, -0.93766, -1.000248, -1.000112, -1.187694, -1.062691, -1.250143, -1.187613, -1.43756, -1.250143, -1.062656, -1.500078, -1.499998, -1.375129, -1.562482, -1.250021, -1.562552, -1.499924, -1.437557, -1.37501, -1.062555, -1.500031, -1.437448, -1.56252, -1.749969, -1.437463], [0.500175, 0.375166, 0.250163, 0.187805, 0.250196, 0.250186, 0.187692, 0.250186, 0.187685, 0.125162, -0.062246, -0.062311, -0.062339, -0.249784, -0.187318, -0.187309, -0.312277, -0.312411, -0.312404, -0.56237, -0.562291, -0.937451, -1.000093, -1.000026, -1.187582, -1.0625, -1.312495, -1.249997, -1.375051, -1.312565, -1.062532, -1.500024, -1.437577, -1.437506, -1.562449, -1.312442, -1.624941, -1.37508, -1.375063, -1.437479, -1.06247, -1.437553, -1.437401, -1.624905, -1.687448, -1.437457], [0.500194, 0.25004, 0.250106, 0.312503, 0.250127, 0.37515, 0.250132, 0.375105, 0.375091, 0.25016, 0.062666, 0.125075, 0.062657, -0.06237, 5.8e-05, 4.6e-05, -0.187291, -0.124902, -0.249945, -0.312617, -0.500215, -0.875282, -1.062697, -1.000108, -1.187733, -1.062681, -1.312627, -1.125272, -1.500051, -1.250144, -1.125093, -1.500144, -1.437611, -1.500049, -1.562534, -1.374968, -1.625042, -1.562552, -1.500051, -1.499926, -1.187477, -1.562532, -1.499963, -1.687407, -1.812501, -1.437615], [0.562777, 0.562658, 0.375257, 0.437769, 0.437737, 0.375281, 0.375218, 0.500158, 0.375216, 0.250283, 0.125279, 0.187687, 0.187699, 0.000209, 0.000234, 0.000212, -0.062284, -0.124821, -0.187328, -0.374796, -0.437227, -0.812551, -1.06249, -1.062396, -1.187537, -1.062524, -1.312498, -1.250008, -1.499943, -1.437409, -1.062522, -1.500051, -1.499973, -1.50001, -1.562434, -1.312448, -1.749816, -1.562458, -1.499991, -1.56232, -1.187416, -1.624911, -1.562401, -1.749802, -1.874802, -1.562357], [0.625273, 0.500183, 0.500205, 0.562614, 0.50027, 0.625316, 0.562751, 0.687683, 0.562755, 0.500257, 0.250175, 0.312757, 0.375183, 0.250177, 0.187702, 0.062742, 0.00032, 0.000182, 0.062519, -0.250014, -0.624807, -0.937675, -1.125202, -1.187467, -1.312617, -1.187602, -1.312625, -1.250198, -1.562537, -1.375141, -1.187571, -1.625046, -1.500132, -1.625007, -1.625021, -1.250091, -1.687525, -1.687485, -1.624958, -1.562535, -1.187501, -1.625071, -1.624992, -1.687513, -1.937428, -1.50001], [0.750371, 0.875292, 0.875152, 0.937696, 0.875265, 0.87534, 0.812765, 0.937744, 